/* geolocation_areas */
insert into geolocation_areas (id, name) values(1, "Attica");
insert into geolocation_areas (id, name) values(2, "Central Greece");
insert into geolocation_areas (id, name) values(3, "Central Macedonia");
insert into geolocation_areas (id, name) values(4, "Crete");
insert into geolocation_areas (id, name) values(5, "Eastern Macedonia and Thrace");
insert into geolocation_areas (id, name) values(6, "Epirus");
insert into geolocation_areas (id, name) values(7, "Ionian Islands");
insert into geolocation_areas (id, name) values(8, "North Aegean");
insert into geolocation_areas (id, name) values(9, "Peloponnese");
insert into geolocation_areas (id, name) values(10, "South Aegean");
insert into geolocation_areas (id, name) values(11, "Thessaly");
insert into geolocation_areas (id, name) values(12, "Western Greece");
insert into geolocation_areas (id, name) values(13, "Western Macedonia");


/* cities */
insert into cities (id, name, geolocation_area_id) values(1, "Athens", 1);
insert into cities (id, name, geolocation_area_id) values(2, "Piraeus", 1);
insert into cities (id, name, geolocation_area_id) values(3, "Peristeri", 1);
insert into cities (id, name, geolocation_area_id) values(4, "Kallithea", 1);
insert into cities (id, name, geolocation_area_id) values(5, "Acharnes", 1);
insert into cities (id, name, geolocation_area_id) values(6, "Nikaia", 1);
insert into cities (id, name, geolocation_area_id) values(7, "Glyfada", 1);
insert into cities (id, name, geolocation_area_id) values(8, "Ilio", 1);
insert into cities (id, name, geolocation_area_id) values(9, "Ilioupoli", 1);
insert into cities (id, name, geolocation_area_id) values(10, "Keratsini", 1);
insert into cities (id, name, geolocation_area_id) values(12, "Chalandri", 1);
insert into cities (id, name, geolocation_area_id) values(13, "Nea Smyrni", 1);
insert into cities (id, name, geolocation_area_id) values(14, "Marousi", 1);
insert into cities (id, name, geolocation_area_id) values(15, "Agios Dimitrios", 1);
insert into cities (id, name, geolocation_area_id) values(16, "Zografou", 1);
insert into cities (id, name, geolocation_area_id) values(17, "Egaleo", 1);
insert into cities (id, name, geolocation_area_id) values(18, "Nea Ionia", 1);
insert into cities (id, name, geolocation_area_id) values(19, "Palaio Faliro", 1);
insert into cities (id, name, geolocation_area_id) values(20, "Korydallos", 1);
insert into cities (id, name, geolocation_area_id) values(21, "Vyronas", 1);
insert into cities (id, name, geolocation_area_id) values(22, "Agia Paraskevi", 1);
insert into cities (id, name, geolocation_area_id) values(23, "Galatsi", 1);
insert into cities (id, name, geolocation_area_id) values(24, "Petroupoli", 1);
insert into cities (id, name, geolocation_area_id) values(25, "Irakleio", 1);
insert into cities (id, name, geolocation_area_id) values(26, "Kifissia", 1);
insert into cities (id, name, geolocation_area_id) values(27, "Chaidari", 1);
insert into cities (id, name, geolocation_area_id) values(28, "Alimos", 1);
insert into cities (id, name, geolocation_area_id) values(29, "Agioi Anargyroi", 1);
insert into cities (id, name, geolocation_area_id) values(30, "Argyroupoli", 1);
insert into cities (id, name, geolocation_area_id) values(31, "Ano Liosia", 1);
insert into cities (id, name, geolocation_area_id) values(32, "Cholargos", 1);
insert into cities (id, name, geolocation_area_id) values(33, "Vrilissia", 1);
insert into cities (id, name, geolocation_area_id) values(34, "Aspropyrgos", 1);
insert into cities (id, name, geolocation_area_id) values(35, "Gerakas", 1);
insert into cities (id, name, geolocation_area_id) values(36, "Metamorfosi", 1);
insert into cities (id, name, geolocation_area_id) values(37, "Voula", 1);
insert into cities (id, name, geolocation_area_id) values(38, "Kamatero", 1);
insert into cities (id, name, geolocation_area_id) values(39, "Agia Varvara", 1);
insert into cities (id, name, geolocation_area_id) values(40, "Kaisariani", 1);
insert into cities (id, name, geolocation_area_id) values(41, "Nea Filadelfeia", 1);
insert into cities (id, name, geolocation_area_id) values(42, "Moschato", 1);
insert into cities (id, name, geolocation_area_id) values(43, "Perama", 1);
insert into cities (id, name, geolocation_area_id) values(44, "Salamis", 1);
insert into cities (id, name, geolocation_area_id) values(45, "Eleusina", 1);
insert into cities (id, name, geolocation_area_id) values(46, "Megara", 1);
insert into cities (id, name, geolocation_area_id) values(47, "Dafni", 1);
insert into cities (id, name, geolocation_area_id) values(48, "Melissia", 1);
insert into cities (id, name, geolocation_area_id) values(49, "Artemis", 1);
insert into cities (id, name, geolocation_area_id) values(50, "Pefki", 1);
insert into cities (id, name, geolocation_area_id) values(51, "Koropi", 1);
insert into cities (id, name, geolocation_area_id) values(52, "Nea Erythraia", 1);
insert into cities (id, name, geolocation_area_id) values(53, "Ellinikon", 1);
insert into cities (id, name, geolocation_area_id) values(54, "Pallini", 1);
insert into cities (id, name, geolocation_area_id) values(55, "Agios Ioannis Rentis", 1);
insert into cities (id, name, geolocation_area_id) values(56, "Vari", 1);
insert into cities (id, name, geolocation_area_id) values(57, "Nea Makri", 1);
insert into cities (id, name, geolocation_area_id) values(58, "Tavros", 1);
insert into cities (id, name, geolocation_area_id) values(59, "Paiania", 1);
insert into cities (id, name, geolocation_area_id) values(60, "Kalyvia Thorikou", 1);
insert into cities (id, name, geolocation_area_id) values(61, "Drapetsona", 1);
insert into cities (id, name, geolocation_area_id) values(62, "Papagou", 1);
insert into cities (id, name, geolocation_area_id) values(63, "Rafina", 1);
insert into cities (id, name, geolocation_area_id) values(64, "Mandra", 1);
insert into cities (id, name, geolocation_area_id) values(65, "Glyka Nera", 1);
insert into cities (id, name, geolocation_area_id) values(66, "Ymittos", 1);
insert into cities (id, name, geolocation_area_id) values(67, "Neo Psychiko", 1);

insert into cities (id, name, geolocation_area_id) values(68, "Chalcis", 2);
insert into cities (id, name, geolocation_area_id) values(69, "Lamia", 2);
insert into cities (id, name, geolocation_area_id) values(70, "Thebes", 2);
insert into cities (id, name, geolocation_area_id) values(71, "Livadeia", 2);

insert into cities (id, name, geolocation_area_id) values(72, "Thessaloniki", 3);
insert into cities (id, name, geolocation_area_id) values(73, "Kalamaria", 3);
insert into cities (id, name, geolocation_area_id) values(74, "Evosmos", 3);
insert into cities (id, name, geolocation_area_id) values(75, "Serres", 3);
insert into cities (id, name, geolocation_area_id) values(76, "Katerini", 3);
insert into cities (id, name, geolocation_area_id) values(77, "Stavroupoli", 3);
insert into cities (id, name, geolocation_area_id) values(78, "Veria", 3);
insert into cities (id, name, geolocation_area_id) values(79, "Polichni", 3);
insert into cities (id, name, geolocation_area_id) values(80, "Sykies", 3);
insert into cities (id, name, geolocation_area_id) values(81, "Ampelokipoi", 3);
insert into cities (id, name, geolocation_area_id) values(82, "Pylaia", 3);
insert into cities (id, name, geolocation_area_id) values(83, "Giannitsa", 3);
insert into cities (id, name, geolocation_area_id) values(84, "Neapoli", 3);
insert into cities (id, name, geolocation_area_id) values(85, "Eleftherio-Kordelio", 3);
insert into cities (id, name, geolocation_area_id) values(86, "Kilkis", 3);
insert into cities (id, name, geolocation_area_id) values(87, "Oraiokastro", 3);
insert into cities (id, name, geolocation_area_id) values(88, "Naousa", 3);
insert into cities (id, name, geolocation_area_id) values(89, "Peraia", 3);
insert into cities (id, name, geolocation_area_id) values(90, "Edessa", 3);
insert into cities (id, name, geolocation_area_id) values(91, "Panorama", 3);
insert into cities (id, name, geolocation_area_id) values(92, "Thermi", 3);
insert into cities (id, name, geolocation_area_id) values(93, "Alexandreia", 3);
insert into cities (id, name, geolocation_area_id) values(94, "Menemeni", 3);
insert into cities (id, name, geolocation_area_id) values(95, "Efkarpia", 3);
insert into cities (id, name, geolocation_area_id) values(96, "Pefka", 3);

insert into cities (id, name, geolocation_area_id) values(97, "Heraklion", 4);
insert into cities (id, name, geolocation_area_id) values(98, "Chania", 4);
insert into cities (id, name, geolocation_area_id) values(99, "Rethymno", 4);
insert into cities (id, name, geolocation_area_id) values(100, "Nea Alikarnassos", 4);
insert into cities (id, name, geolocation_area_id) values(101, "Gazi", 4);
insert into cities (id, name, geolocation_area_id) values(102, "Ierapetra", 4);
insert into cities (id, name, geolocation_area_id) values(103, "Agios Nikolaos", 4);

insert into cities (id, name, geolocation_area_id) values(104, "Alexandroupoli", 5);
insert into cities (id, name, geolocation_area_id) values(105, "Xanthi", 5);
insert into cities (id, name, geolocation_area_id) values(106, "Kavala", 5);
insert into cities (id, name, geolocation_area_id) values(107, "Komotini", 5);
insert into cities (id, name, geolocation_area_id) values(108, "Drama", 5);
insert into cities (id, name, geolocation_area_id) values(109, "Orestiada", 5);

insert into cities (id, name, geolocation_area_id) values(110, "Ioannina", 6);
insert into cities (id, name, geolocation_area_id) values(111, "Arta", 6);
insert into cities (id, name, geolocation_area_id) values(112, "Preveza", 6);

insert into cities (id, name, geolocation_area_id) values(113, "Corfu", 7);

insert into cities (id, name, geolocation_area_id) values(114, "Mytilene", 8);
insert into cities (id, name, geolocation_area_id) values(115, "Chios", 8);

insert into cities (id, name, geolocation_area_id) values(116, "Kalamata", 9);
insert into cities (id, name, geolocation_area_id) values(117, "Tripoli", 9);
insert into cities (id, name, geolocation_area_id) values(118, "Corinth", 9);
insert into cities (id, name, geolocation_area_id) values(119, "Argos", 9);
insert into cities (id, name, geolocation_area_id) values(120, "Sparta", 9);
insert into cities (id, name, geolocation_area_id) values(121, "Nafplio", 9);
insert into cities (id, name, geolocation_area_id) values(122, "Loutraki", 9);

insert into cities (id, name, geolocation_area_id) values(123, "Rhodes", 10);
insert into cities (id, name, geolocation_area_id) values(124, "Kos", 10);
insert into cities (id, name, geolocation_area_id) values(125, "Kalymnos", 10);
insert into cities (id, name, geolocation_area_id) values(126, "Ermoupoli", 10);
insert into cities (id, name, geolocation_area_id) values(127, "Ialysos", 10);

insert into cities (id, name, geolocation_area_id) values(128, "Larissa", 11);
insert into cities (id, name, geolocation_area_id) values(129, "Volos", 11);
insert into cities (id, name, geolocation_area_id) values(130, "Trikala", 11);
insert into cities (id, name, geolocation_area_id) values(131, "Karditsa", 11);
insert into cities (id, name, geolocation_area_id) values(132, "Nea Ionia", 11);
insert into cities (id, name, geolocation_area_id) values(133, "Tyrnavos", 11);

insert into cities (id, name, geolocation_area_id) values(134, "Patras", 12);
insert into cities (id, name, geolocation_area_id) values(135, "Agrinio", 12);
insert into cities (id, name, geolocation_area_id) values(136, "Pyrgos", 12);
insert into cities (id, name, geolocation_area_id) values(137, "Aigio", 12);
insert into cities (id, name, geolocation_area_id) values(138, "Amaliada", 12);
insert into cities (id, name, geolocation_area_id) values(139, "Nafpaktos", 12);
insert into cities (id, name, geolocation_area_id) values(140, "Missolonghi", 12);

insert into cities (id, name, geolocation_area_id) values(141, "Kozani", 13);
insert into cities (id, name, geolocation_area_id) values(142, "Ptolemaida", 13);
insert into cities (id, name, geolocation_area_id) values(143, "Florina", 13);
insert into cities (id, name, geolocation_area_id) values(144, "Kastoria", 13);
insert into cities (id, name, geolocation_area_id) values(145, "Grevena", 13);


/* doctor_specialties */
insert into doctor_specialties (id, name) values(1, "Audiologist");
insert into doctor_specialties (id, name) values(2, "Allergist");
insert into doctor_specialties (id, name) values(3, "Anesthesiologist");
insert into doctor_specialties (id, name) values(4, "Cardiologist");
insert into doctor_specialties (id, name) values(5, "Dentist");
insert into doctor_specialties (id, name) values(6, "Dermatologist");
insert into doctor_specialties (id, name) values(7, "Endocrinologist");
insert into doctor_specialties (id, name) values(8, "Epidemiologist");
insert into doctor_specialties (id, name) values(9, "Gynecologist");
insert into doctor_specialties (id, name) values(10, "Immunologist");
insert into doctor_specialties (id, name) values(11, "Infectious Disease Specialist");
insert into doctor_specialties (id, name) values(12, "Internal Medicine Specialist");
insert into doctor_specialties (id, name) values(13, "Medical Geneticist");
insert into doctor_specialties (id, name) values(14, "Microbiologist");
insert into doctor_specialties (id, name) values(15, "Neonatologist");
insert into doctor_specialties (id, name) values(16, "Neurologist");
insert into doctor_specialties (id, name) values(17, "Neurosurgeon");
insert into doctor_specialties (id, name) values(18, "Obstetrician");
insert into doctor_specialties (id, name) values(19, "Oncologist");
insert into doctor_specialties (id, name) values(20, "Orthopedic Surgeon");
insert into doctor_specialties (id, name) values(21, "ENT Specialist");
insert into doctor_specialties (id, name) values(22, "Pediatrician");
insert into doctor_specialties (id, name) values(23, "Physiologist");
insert into doctor_specialties (id, name) values(24, "Plastic Surgeon");
insert into doctor_specialties (id, name) values(25, "Podiatrist");
insert into doctor_specialties (id, name) values(26, "Psychiatrist");
insert into doctor_specialties (id, name) values(27, "Radiologist");
insert into doctor_specialties (id, name) values(28, "Rheumatologist");
insert into doctor_specialties (id, name) values(29, "Surgeon");
insert into doctor_specialties (id, name) values(30, "Urologist");

/* institutions */
insert into institutions (id, name, geolocation_area_id) values (1, "251 Geniko Nosokomeio Aeroporias (GNA)", 1);
insert into institutions (id, name, geolocation_area_id) values (2, "2401 Stratiwtiko Nosokomeio", 1);
insert into institutions (id, name, geolocation_area_id) values (3, "Agia Olga", 1);
insert into institutions (id, name, geolocation_area_id) values (4, "Agioi Anargyroi", 1);
insert into institutions (id, name, geolocation_area_id) values (5, "Agios Savvas", 1);
insert into institutions (id, name, geolocation_area_id) values (6, "Aiginhteio", 1);
insert into institutions (id, name, geolocation_area_id) values (7, "Aleksandra", 1);
insert into institutions (id, name, geolocation_area_id) values (8, "Amalia Flemingk", 1);
insert into institutions (id, name, geolocation_area_id) values (9, "Aretaieio", 1);
insert into institutions (id, name, geolocation_area_id) values (10, "Asklhpieio Voylas", 1);
insert into institutions (id, name, geolocation_area_id) values (11, "Attiko Nosokomeio", 1);
insert into institutions (id, name, geolocation_area_id) values (12, "G. Gennhmatas", 1);
insert into institutions (id, name, geolocation_area_id) values (13, "Dromokaiteio", 1);
insert into institutions (id, name, geolocation_area_id) values (14, "Nosokomeio Elpis", 1);
insert into institutions (id, name, geolocation_area_id) values (15, "Errikos Dynan", 1);
insert into institutions (id, name, geolocation_area_id) values (16, "Erythros Stavros", 1);
insert into institutions (id, name, geolocation_area_id) values (17, "Evaggelismos", 1);
insert into institutions (id, name, geolocation_area_id) values (18, "THriasio Nosokomeio", 1);
insert into institutions (id, name, geolocation_area_id) values (19, "Iatriko Kentro", 1);
insert into institutions (id, name, geolocation_area_id) values (20, "Ippokrateio", 1);
insert into institutions (id, name, geolocation_area_id) values (21, "KAT", 1);
insert into institutions (id, name, geolocation_area_id) values (22, "Kratiko Nikaias - Agios Pantelehmwn", 1);
insert into institutions (id, name, geolocation_area_id) values (23, "Laiko", 1);
insert into institutions (id, name, geolocation_area_id) values (24, "Maiefthrio Elena Venizelou", 1);
insert into institutions (id, name, geolocation_area_id) values (25, "Maiefthrio Mhtera", 1);
insert into institutions (id, name, geolocation_area_id) values (26, "Maiefthrio Lhtw", 1);
insert into institutions (id, name, geolocation_area_id) values (27, "Maiefthrio Iasw", 1);
insert into institutions (id, name, geolocation_area_id) values (28, "Maiefthrio Rea", 1);
insert into institutions (id, name, geolocation_area_id) values (29, "Metaksa", 1);
insert into institutions (id, name, geolocation_area_id) values (30, "Naftiko Nosokomeio Athhnwn (NNA)", 1);
insert into institutions (id, name, geolocation_area_id) values (31, "Naftiko Nosokomeio Peiraiws (NNP)", 1);
insert into institutions (id, name, geolocation_area_id) values (32, "NIMTS", 1);
insert into institutions (id, name, geolocation_area_id) values (33, "Ofthalmiatreio", 1);
insert into institutions (id, name, geolocation_area_id) values (34, "Paidwn Agia Sofia", 1);
insert into institutions (id, name, geolocation_area_id) values (35, "Paidwn Aglaia Kyriakoy", 1);
insert into institutions (id, name, geolocation_area_id) values (36, "Paidwn Pentelhs", 1);
insert into institutions (id, name, geolocation_area_id) values (37, "Pammakaristos", 1);
insert into institutions (id, name, geolocation_area_id) values (38, "Sismanogleio", 1);
insert into institutions (id, name, geolocation_area_id) values (39, "Sphliopoyleio", 1);
insert into institutions (id, name, geolocation_area_id) values (40, "Syggroy", 1);
insert into institutions (id, name, geolocation_area_id) values (41, "Swthria", 1);
insert into institutions (id, name, geolocation_area_id) values (42, "Tzaneio", 1);
insert into institutions (id, name, geolocation_area_id) values (43, "Ygeia", 1);
insert into institutions (id, name, geolocation_area_id) values (44, "PSyxiatriko Nosokomeio Attikhs (Dafni)", 1);
insert into institutions (id, name, geolocation_area_id) values (45, "Wnaseio", 1);

insert into institutions (id, name, geolocation_area_id) values (46, "Geniko Nosokomeio Amfissas", 2);
insert into institutions (id, name, geolocation_area_id) values (47, "Geniko Nosokomeio THhvas", 2);
insert into institutions (id, name, geolocation_area_id) values (48, "Geniko Nosokomeio Karpenhsiou", 2);
insert into institutions (id, name, geolocation_area_id) values (49, "Geniko Nosokomeio Karystou", 2);
insert into institutions (id, name, geolocation_area_id) values (50, "Geniko Nosokomeio Kymhs", 2);
insert into institutions (id, name, geolocation_area_id) values (51, "Geniko Nosokomeio Lamias", 2);
insert into institutions (id, name, geolocation_area_id) values (52, "Geniko Nosokomeio Livadeias", 2);
insert into institutions (id, name, geolocation_area_id) values (53, "Geniko Nosokomeio Xalkidas", 2);

insert into institutions (id, name, geolocation_area_id) values (54, "Geniko Nosokomeio Volou", 11);
insert into institutions (id, name, geolocation_area_id) values (55, "Geniko Nosokomeio Karditsas", 11);
insert into institutions (id, name, geolocation_area_id) values (56, "Geniko Nosokomeio Larisas", 11);
insert into institutions (id, name, geolocation_area_id) values (57, "Panepisthmiako Nosokomeio Larisas", 11);
insert into institutions (id, name, geolocation_area_id) values (58, "Geniko Nosokomeio Trikalwn", 11);

insert into institutions (id, name, geolocation_area_id) values (59, "Πανεπιστημιακό Νοσοκομείο Ηρακλείου", 4);
insert into institutions (id, name, geolocation_area_id) values (60, "Βενιζέλειο-Πανάνειο Γενικό Νοσοκομείο Ηρακλείου", 4);
insert into institutions (id, name, geolocation_area_id) values (61, "Creta Inter Clinic", 4);

insert into institutions (id, name, geolocation_area_id) values (62, "Geniko Nosokomeio THessalonikhs G. Papanikolaou", 3);
insert into institutions (id, name, geolocation_area_id) values (63, "Geniko Nosokomeio THessalonikhs Papagewrgiou", 3);
insert into institutions (id, name, geolocation_area_id) values (64, "Geniko Nosokomeio THessalonikhs Ippokrateio", 3);
insert into institutions (id, name, geolocation_area_id) values (65, "Geniko Nosokomeio THessalonikhs G. Gennhmatas", 3);
insert into institutions (id, name, geolocation_area_id) values (66, "Geniko Nosokomeio THessalonikhs Agios Paylos kai Panagia", 3);
insert into institutions (id, name, geolocation_area_id) values (67, "Geniko Nosokomeio THessalonikhs Agios Dhmhtrios", 3);
insert into institutions (id, name, geolocation_area_id) values (68, "Panepisthmiako Nosokomeio AXEPA", 3);
insert into institutions (id, name, geolocation_area_id) values (69, "Antikarkiniko Nosokomeio THessalonikhs THeageneio", 3);
insert into institutions (id, name, geolocation_area_id) values (70, "Nosokomeio Eidikwn Pathhsewn THessalonikhs (Loimwdwn)", 3);

insert into institutions (id, name, geolocation_area_id) values (71, "Nosokomeio Afrodisiwn kai Dermatikwn Noswn THessalonikhs", 3);
insert into institutions (id, name, geolocation_area_id) values (72, "PSyxiatriko Nosokomeio THessalonikhs", 3);
insert into institutions (id, name, geolocation_area_id) values (73, "424 Stratiwtiko Nosokomeio Ekpaideysews", 3);
insert into institutions (id, name, geolocation_area_id) values (74, "Geniko Nosokomeio Katerinhs", 3);
insert into institutions (id, name, geolocation_area_id) values (75, "Geniko Nosokomeio Kilkis", 3);
insert into institutions (id, name, geolocation_area_id) values (76, "Geniko Nosokomeio Goumenissas", 3);
insert into institutions (id, name, geolocation_area_id) values (77, "Geniko Nosokomeio Serrwn", 3);
insert into institutions (id, name, geolocation_area_id) values (78, "Geniko Nosokomeio Veroias", 3);
insert into institutions (id, name, geolocation_area_id) values (79, "Geniko Nosokomeio Naousas", 3);

insert into institutions (id, name, geolocation_area_id) values (80, "Geniko Nosokomeio Kavalas", 5);
insert into institutions (id, name, geolocation_area_id) values (81, "Geniko Nosokomeio KSanthhs", 5);
insert into institutions (id, name, geolocation_area_id) values (82, "Stratiwtiko Nosokomeio KSanthhs", 5);
insert into institutions (id, name, geolocation_area_id) values (83, "Geniko Nosokomeio Dramas", 5);
insert into institutions (id, name, geolocation_area_id) values (84, "Sismanogleio Nosokomeio Komothnhs", 5);
insert into institutions (id, name, geolocation_area_id) values (85, "Panepisthmiako Nosokomeio Aleksandroypolhs", 5);
insert into institutions (id, name, geolocation_area_id) values (86, "Stratiwtiko Nosokomeio Aleksandroypolhs", 5);
insert into institutions (id, name, geolocation_area_id) values (87, "Geniko Nosokomeio Didymoteixou", 5);

insert into institutions (id, name, geolocation_area_id) values (88, "Geniko Nosokomeio Flwrinas", 13);
insert into institutions (id, name, geolocation_area_id) values (89, "Geniko Nosokomeio Kozanhs Mamatseio", 13);
insert into institutions (id, name, geolocation_area_id) values (90, "Geniko Nosokomeio Ptolemaidas Bodosakeio", 13);
insert into institutions (id, name, geolocation_area_id) values (91, "Geniko Nosokomeio Kastorias", 13);
insert into institutions (id, name, geolocation_area_id) values (92, "Geniko Nosokomeio Grevenwn", 13);

insert into institutions (id, name, geolocation_area_id) values (93, "Geniko Nosokomeio Mytilhnhs Vostaneio", 10);
insert into institutions (id, name, geolocation_area_id) values (94, "Geniko Nosokomeio - K.Y. Ikarias Panikarion", 10);
insert into institutions (id, name, geolocation_area_id) values (95, "Vardakeio kai Prwio", 10);
insert into institutions (id, name, geolocation_area_id) values (96, "Geniko Nosokomeio Xiou Skylitseio", 10);

insert into institutions (id, name, geolocation_area_id) values (97, "Geniko Nosokomeio Patrwn O Agios Andreas", 12);
insert into institutions (id, name, geolocation_area_id) values (98, "Panepisthmiako Geniko Nosokomeio Patrwn (PGNP)", 12);
insert into institutions (id, name, geolocation_area_id) values (99, "Karamandaneio Nosokomeio Paidwn", 12);
insert into institutions (id, name, geolocation_area_id) values (100, "Nosokomeio Noshmatwn THwrakos Patrwn", 12);
insert into institutions (id, name, geolocation_area_id) values (101, "Olympio THerapefthrio", 12);
insert into institutions (id, name, geolocation_area_id) values (102, "409 Stratiwtiko Nosokomeio", 12);
insert into institutions (id, name, geolocation_area_id) values (103, "Geniko Nosokomeio Agriniou", 12);
insert into institutions (id, name, geolocation_area_id) values (104, "Geniko Nosokomeio Mesologgiou Xatzhkwsta", 12);
insert into institutions (id, name, geolocation_area_id) values (105, "Geniko Nosokomeio Pyrgou Andreas Papandreou", 12);
insert into institutions (id, name, geolocation_area_id) values (106, "Geniko Nomarxiako Nosokomeio Amaliadas", 12);

insert into institutions (id, name, geolocation_area_id) values (107, "Geniko Nosokomeio Korinthou", 9);
insert into institutions (id, name, geolocation_area_id) values (108, "Geniko Nosokomeio Sparths", 9);
insert into institutions (id, name, geolocation_area_id) values (109, "Geniko Nomarxiako Nosokomeio Nafpliou", 9);
insert into institutions (id, name, geolocation_area_id) values (110, "Geniko Nomarxiako Nosokomeio Argous", 9);
insert into institutions (id, name, geolocation_area_id) values (111, "Geniko Nomarxiako Nosokomeio Kalamatas", 9);
insert into institutions (id, name, geolocation_area_id) values (112, "Geniko Nomarxiako Nosokomeio Tripolhs", 9);

insert into institutions (id, name, geolocation_area_id) values (113, "Geniko Nosokomeio Kerkyras", 7);
insert into institutions (id, name, geolocation_area_id) values (114, "Geniko Nosokomeio Lefkadas", 7);
insert into institutions (id, name, geolocation_area_id) values (115, "Geniko Nosokomeio Argostoliou", 7);
insert into institutions (id, name, geolocation_area_id) values (116, "Geniko Nosokomeio Lhksouriou", 7);
insert into institutions (id, name, geolocation_area_id) values (117, "Geniko Nosokomeio Zakynthou", 7);

insert into institutions (id, name, geolocation_area_id) values (118, "Geniko Nosokomeio Rodou", 8);
insert into institutions (id, name, geolocation_area_id) values (119, "Geniko Nosokomeio Syrou Vardakeio & Prwio", 8);

insert into institutions (id, name, geolocation_area_id) values (120, "Geniko Nosokomeio Artas", 6);
insert into institutions (id, name, geolocation_area_id) values (121, "Geniko Nosokomeio Iwanninwn G. Xatzhkwsta", 6);
insert into institutions (id, name, geolocation_area_id) values (122, "Panepisthmiako Geniko Noskomeio Iwanninwn", 6);
insert into institutions (id, name, geolocation_area_id) values (123, "Geniko Nosokomeio Prevezas", 6);
insert into institutions (id, name, geolocation_area_id) values (124, "Geniko Nosokomeio Filiatwn", 6);

/* user roles */
insert into authorities (id, name) values (1, "ROLE_ADMIN");
insert into authorities (id, name) values (2, "ROLE_MEDICAL_VISITOR");

/* users */
insert into users (id, first_name, last_name, password, username, email, enabled) values (1, "Admin", "Admin", "$2a$10$bMaNOYGEwfNl2z6hg9lmRuc3s7uAgWxhRVzll2YguII6sBvVSX2qi", "admin", "admin@mis.gr", 1);
insert into users_roles (user_id, role_id) values (1, 1);

/* dummy doctor */
insert into doctors (id, first_name, last_name, address, phone, email, position, city_id, geolocation_area_id, institution_id, specialty_id) values (1, "Test doctor", "Test doctor", "Test address", "210123456789", "test@doctor.gr", "Awesome position", 1, 1, 1, 1);
