/* geolocation_areas */
insert into geolocation_areas (id, name) values(1, "Attica");
insert into geolocation_areas (id, name) values(2, "Central Greece");
insert into geolocation_areas (id, name) values(3, "Central Macedonia");
insert into geolocation_areas (id, name) values(4, "Crete");
insert into geolocation_areas (id, name) values(5, "Eastern Macedonia and Thrace");
insert into geolocation_areas (id, name) values(6, "Epirus");
insert into geolocation_areas (id, name) values(7, "Ionian Islands");
insert into geolocation_areas (id, name) values(8, "North Aegean");
insert into geolocation_areas (id, name) values(9, "Peloponnese");
insert into geolocation_areas (id, name) values(10, "South Aegean");
insert into geolocation_areas (id, name) values(11, "Thessaly");
insert into geolocation_areas (id, name) values(12, "Western Greece");
insert into geolocation_areas (id, name) values(13, "Western Macedonia");


/* cities */
insert into cities (id, name, geolocation_area_id) values(1, "Athens", 1);
insert into cities (id, name, geolocation_area_id) values(2, "Piraeus", 1);
insert into cities (id, name, geolocation_area_id) values(3, "Peristeri", 1);
insert into cities (id, name, geolocation_area_id) values(4, "Kallithea", 1);
insert into cities (id, name, geolocation_area_id) values(5, "Acharnes", 1);
insert into cities (id, name, geolocation_area_id) values(6, "Nikaia", 1);
insert into cities (id, name, geolocation_area_id) values(7, "Glyfada", 1);
insert into cities (id, name, geolocation_area_id) values(8, "Ilio", 1);
insert into cities (id, name, geolocation_area_id) values(9, "Ilioupoli", 1);
insert into cities (id, name, geolocation_area_id) values(10, "Keratsini", 1);
insert into cities (id, name, geolocation_area_id) values(12, "Chalandri", 1);
insert into cities (id, name, geolocation_area_id) values(13, "Nea Smyrni", 1);
insert into cities (id, name, geolocation_area_id) values(14, "Marousi", 1);
insert into cities (id, name, geolocation_area_id) values(15, "Agios Dimitrios", 1);
insert into cities (id, name, geolocation_area_id) values(16, "Zografou", 1);
insert into cities (id, name, geolocation_area_id) values(17, "Egaleo", 1);
insert into cities (id, name, geolocation_area_id) values(18, "Nea Ionia", 1);
insert into cities (id, name, geolocation_area_id) values(19, "Palaio Faliro", 1);
insert into cities (id, name, geolocation_area_id) values(20, "Korydallos", 1);
insert into cities (id, name, geolocation_area_id) values(21, "Vyronas", 1);
insert into cities (id, name, geolocation_area_id) values(22, "Agia Paraskevi", 1);
insert into cities (id, name, geolocation_area_id) values(23, "Galatsi", 1);
insert into cities (id, name, geolocation_area_id) values(24, "Petroupoli", 1);
insert into cities (id, name, geolocation_area_id) values(25, "Irakleio", 1);
insert into cities (id, name, geolocation_area_id) values(26, "Kifissia", 1);
insert into cities (id, name, geolocation_area_id) values(27, "Chaidari", 1);
insert into cities (id, name, geolocation_area_id) values(28, "Alimos", 1);
insert into cities (id, name, geolocation_area_id) values(29, "Agioi Anargyroi", 1);
insert into cities (id, name, geolocation_area_id) values(30, "Argyroupoli", 1);
insert into cities (id, name, geolocation_area_id) values(31, "Ano Liosia", 1);
insert into cities (id, name, geolocation_area_id) values(32, "Cholargos", 1);
insert into cities (id, name, geolocation_area_id) values(33, "Vrilissia", 1);
insert into cities (id, name, geolocation_area_id) values(34, "Aspropyrgos", 1);
insert into cities (id, name, geolocation_area_id) values(35, "Gerakas", 1);
insert into cities (id, name, geolocation_area_id) values(36, "Metamorfosi", 1);
insert into cities (id, name, geolocation_area_id) values(37, "Voula", 1);
insert into cities (id, name, geolocation_area_id) values(38, "Kamatero", 1);
insert into cities (id, name, geolocation_area_id) values(39, "Agia Varvara", 1);
insert into cities (id, name, geolocation_area_id) values(40, "Kaisariani", 1);
insert into cities (id, name, geolocation_area_id) values(41, "Nea Filadelfeia", 1);
insert into cities (id, name, geolocation_area_id) values(42, "Moschato", 1);
insert into cities (id, name, geolocation_area_id) values(43, "Perama", 1);
insert into cities (id, name, geolocation_area_id) values(44, "Salamis", 1);
insert into cities (id, name, geolocation_area_id) values(45, "Eleusina", 1);
insert into cities (id, name, geolocation_area_id) values(46, "Megara", 1);
insert into cities (id, name, geolocation_area_id) values(47, "Dafni", 1);
insert into cities (id, name, geolocation_area_id) values(48, "Melissia", 1);
insert into cities (id, name, geolocation_area_id) values(49, "Artemis", 1);
insert into cities (id, name, geolocation_area_id) values(50, "Pefki", 1);
insert into cities (id, name, geolocation_area_id) values(51, "Koropi", 1);
insert into cities (id, name, geolocation_area_id) values(52, "Nea Erythraia", 1);
insert into cities (id, name, geolocation_area_id) values(53, "Ellinikon", 1);
insert into cities (id, name, geolocation_area_id) values(54, "Pallini", 1);
insert into cities (id, name, geolocation_area_id) values(55, "Agios Ioannis Rentis", 1);
insert into cities (id, name, geolocation_area_id) values(56, "Vari", 1);
insert into cities (id, name, geolocation_area_id) values(57, "Nea Makri", 1);
insert into cities (id, name, geolocation_area_id) values(58, "Tavros", 1);
insert into cities (id, name, geolocation_area_id) values(59, "Paiania", 1);
insert into cities (id, name, geolocation_area_id) values(60, "Kalyvia Thorikou", 1);
insert into cities (id, name, geolocation_area_id) values(61, "Drapetsona", 1);
insert into cities (id, name, geolocation_area_id) values(62, "Papagou", 1);
insert into cities (id, name, geolocation_area_id) values(63, "Rafina", 1);
insert into cities (id, name, geolocation_area_id) values(64, "Mandra", 1);
insert into cities (id, name, geolocation_area_id) values(65, "Glyka Nera", 1);
insert into cities (id, name, geolocation_area_id) values(66, "Ymittos", 1);
insert into cities (id, name, geolocation_area_id) values(67, "Neo Psychiko", 1);

insert into cities (id, name, geolocation_area_id) values(68, "Chalcis", 2);
insert into cities (id, name, geolocation_area_id) values(69, "Lamia", 2);
insert into cities (id, name, geolocation_area_id) values(70, "Thebes", 2);
insert into cities (id, name, geolocation_area_id) values(71, "Livadeia", 2);

insert into cities (id, name, geolocation_area_id) values(72, "Thessaloniki", 3);
insert into cities (id, name, geolocation_area_id) values(73, "Kalamaria", 3);
insert into cities (id, name, geolocation_area_id) values(74, "Evosmos", 3);
insert into cities (id, name, geolocation_area_id) values(75, "Serres", 3);
insert into cities (id, name, geolocation_area_id) values(76, "Katerini", 3);
insert into cities (id, name, geolocation_area_id) values(77, "Stavroupoli", 3);
insert into cities (id, name, geolocation_area_id) values(78, "Veria", 3);
insert into cities (id, name, geolocation_area_id) values(79, "Polichni", 3);
insert into cities (id, name, geolocation_area_id) values(80, "Sykies", 3);
insert into cities (id, name, geolocation_area_id) values(81, "Ampelokipoi", 3);
insert into cities (id, name, geolocation_area_id) values(82, "Pylaia", 3);
insert into cities (id, name, geolocation_area_id) values(83, "Giannitsa", 3);
insert into cities (id, name, geolocation_area_id) values(84, "Neapoli", 3);
insert into cities (id, name, geolocation_area_id) values(85, "Eleftherio-Kordelio", 3);
insert into cities (id, name, geolocation_area_id) values(86, "Kilkis", 3);
insert into cities (id, name, geolocation_area_id) values(87, "Oraiokastro", 3);
insert into cities (id, name, geolocation_area_id) values(88, "Naousa", 3);
insert into cities (id, name, geolocation_area_id) values(89, "Peraia", 3);
insert into cities (id, name, geolocation_area_id) values(90, "Edessa", 3);
insert into cities (id, name, geolocation_area_id) values(91, "Panorama", 3);
insert into cities (id, name, geolocation_area_id) values(92, "Thermi", 3);
insert into cities (id, name, geolocation_area_id) values(93, "Alexandreia", 3);
insert into cities (id, name, geolocation_area_id) values(94, "Menemeni", 3);
insert into cities (id, name, geolocation_area_id) values(95, "Efkarpia", 3);
insert into cities (id, name, geolocation_area_id) values(96, "Pefka", 3);

insert into cities (id, name, geolocation_area_id) values(97, "Heraklion", 4);
insert into cities (id, name, geolocation_area_id) values(98, "Chania", 4);
insert into cities (id, name, geolocation_area_id) values(99, "Rethymno", 4);
insert into cities (id, name, geolocation_area_id) values(100, "Nea Alikarnassos", 4);
insert into cities (id, name, geolocation_area_id) values(101, "Gazi", 4);
insert into cities (id, name, geolocation_area_id) values(102, "Ierapetra", 4);
insert into cities (id, name, geolocation_area_id) values(103, "Agios Nikolaos", 4);

insert into cities (id, name, geolocation_area_id) values(104, "Alexandroupoli", 5);
insert into cities (id, name, geolocation_area_id) values(105, "Xanthi", 5);
insert into cities (id, name, geolocation_area_id) values(106, "Kavala", 5);
insert into cities (id, name, geolocation_area_id) values(107, "Komotini", 5);
insert into cities (id, name, geolocation_area_id) values(108, "Drama", 5);
insert into cities (id, name, geolocation_area_id) values(109, "Orestiada", 5);

insert into cities (id, name, geolocation_area_id) values(110, "Ioannina", 6);
insert into cities (id, name, geolocation_area_id) values(111, "Arta", 6);
insert into cities (id, name, geolocation_area_id) values(112, "Preveza", 6);

insert into cities (id, name, geolocation_area_id) values(113, "Corfu", 7);

insert into cities (id, name, geolocation_area_id) values(114, "Mytilene", 8);
insert into cities (id, name, geolocation_area_id) values(115, "Chios", 8);

insert into cities (id, name, geolocation_area_id) values(116, "Kalamata", 9);
insert into cities (id, name, geolocation_area_id) values(117, "Tripoli", 9);
insert into cities (id, name, geolocation_area_id) values(118, "Corinth", 9);
insert into cities (id, name, geolocation_area_id) values(119, "Argos", 9);
insert into cities (id, name, geolocation_area_id) values(120, "Sparta", 9);
insert into cities (id, name, geolocation_area_id) values(121, "Nafplio", 9);
insert into cities (id, name, geolocation_area_id) values(122, "Loutraki", 9);

insert into cities (id, name, geolocation_area_id) values(123, "Rhodes", 10);
insert into cities (id, name, geolocation_area_id) values(124, "Kos", 10);
insert into cities (id, name, geolocation_area_id) values(125, "Kalymnos", 10);
insert into cities (id, name, geolocation_area_id) values(126, "Ermoupoli", 10);
insert into cities (id, name, geolocation_area_id) values(127, "Ialysos", 10);

insert into cities (id, name, geolocation_area_id) values(128, "Larissa", 11);
insert into cities (id, name, geolocation_area_id) values(129, "Volos", 11);
insert into cities (id, name, geolocation_area_id) values(130, "Trikala", 11);
insert into cities (id, name, geolocation_area_id) values(131, "Karditsa", 11);
insert into cities (id, name, geolocation_area_id) values(132, "Nea Ionia", 11);
insert into cities (id, name, geolocation_area_id) values(133, "Tyrnavos", 11);

insert into cities (id, name, geolocation_area_id) values(134, "Patras", 12);
insert into cities (id, name, geolocation_area_id) values(135, "Agrinio", 12);
insert into cities (id, name, geolocation_area_id) values(136, "Pyrgos", 12);
insert into cities (id, name, geolocation_area_id) values(137, "Aigio", 12);
insert into cities (id, name, geolocation_area_id) values(138, "Amaliada", 12);
insert into cities (id, name, geolocation_area_id) values(139, "Nafpaktos", 12);
insert into cities (id, name, geolocation_area_id) values(140, "Missolonghi", 12);

insert into cities (id, name, geolocation_area_id) values(141, "Kozani", 13);
insert into cities (id, name, geolocation_area_id) values(142, "Ptolemaida", 13);
insert into cities (id, name, geolocation_area_id) values(143, "Florina", 13);
insert into cities (id, name, geolocation_area_id) values(144, "Kastoria", 13);
insert into cities (id, name, geolocation_area_id) values(145, "Grevena", 13);


/* doctor_specialties */
insert into doctor_specialties (id, name) values(1, "Audiologist");
insert into doctor_specialties (id, name) values(2, "Allergist");
insert into doctor_specialties (id, name) values(3, "Anesthesiologist");
insert into doctor_specialties (id, name) values(4, "Cardiologist");
insert into doctor_specialties (id, name) values(5, "Dentist");
insert into doctor_specialties (id, name) values(6, "Dermatologist");
insert into doctor_specialties (id, name) values(7, "Endocrinologist");
insert into doctor_specialties (id, name) values(8, "Epidemiologist");
insert into doctor_specialties (id, name) values(9, "Gynecologist");
insert into doctor_specialties (id, name) values(10, "Immunologist");
insert into doctor_specialties (id, name) values(11, "Infectious Disease Specialist");
insert into doctor_specialties (id, name) values(12, "Internal Medicine Specialist");
insert into doctor_specialties (id, name) values(13, "Medical Geneticist");
insert into doctor_specialties (id, name) values(14, "Microbiologist");
insert into doctor_specialties (id, name) values(15, "Neonatologist");
insert into doctor_specialties (id, name) values(16, "Neurologist");
insert into doctor_specialties (id, name) values(17, "Neurosurgeon");
insert into doctor_specialties (id, name) values(18, "Obstetrician");
insert into doctor_specialties (id, name) values(19, "Oncologist");
insert into doctor_specialties (id, name) values(20, "Orthopedic Surgeon");
insert into doctor_specialties (id, name) values(21, "ENT Specialist");
insert into doctor_specialties (id, name) values(22, "Pediatrician");
insert into doctor_specialties (id, name) values(23, "Physiologist");
insert into doctor_specialties (id, name) values(24, "Plastic Surgeon");
insert into doctor_specialties (id, name) values(25, "Podiatrist");
insert into doctor_specialties (id, name) values(26, "Psychiatrist");
insert into doctor_specialties (id, name) values(27, "Radiologist");
insert into doctor_specialties (id, name) values(28, "Rheumatologist");
insert into doctor_specialties (id, name) values(29, "Surgeon");
insert into doctor_specialties (id, name) values(30, "Urologist");

/* user roles */
insert into roles (id, name) values (1, "ADMIN");
insert into roles (id, name) values (2, "MEDICAL_VISITOR");

/* users */
insert into users (id, first_name, last_name, password, username, email, enabled) values (1, "Admin", "Admin", "$2a$10$bMaNOYGEwfNl2z6hg9lmRuc3s7uAgWxhRVzll2YguII6sBvVSX2qi", "admin", "admin@mis.gr", 1);
insert into users_roles (user_id, role_id) values (1, 1);

/* dummy doctor */
insert into institutions (id, name) values (1, "IKA");

insert into doctors (id, first_name, last_name, address, phone, email, position, city_id, geolocation_area_id, institution_id, specialty_id) values (1, "Test doctor", "Test doctor", "Test address", "210123456789", "test@doctor.gr", "Awesome position", 1, 1, 1, 1);
